Net Asset Value,Repurchase Price,Sale Price,NAV date
17.55,,,24-Sep-2018
17.55,,,25-Sep-2018
17.37,,,26-Sep-2018
17.22,,,27-Sep-2018
17.07,,,28-Sep-2018
17.16,,,01-Oct-2018
17.14,,,03-Oct-2018
16.88,,,04-Oct-2018
16.53,,,05-Oct-2018
16.45,,,08-Oct-2018
16.33,,,09-Oct-2018
16.51,,,10-Oct-2018
16.33,,,11-Oct-2018
16.53,,,12-Oct-2018
16.71,,,15-Oct-2018
16.91,,,16-Oct-2018
16.84,,,17-Oct-2018
16.68,,,19-Oct-2018
16.54,,,22-Oct-2018
16.32,,,23-Oct-2018
16.43,,,24-Oct-2018
16.38,,,25-Oct-2018
16.26,,,26-Oct-2018
16.51,,,29-Oct-2018
16.55,,,30-Oct-2018
16.76,,,31-Oct-2018
16.61,,,01-Nov-2018
16.72,,,02-Nov-2018
16.65,,,05-Nov-2018
16.65,,,06-Nov-2018
16.92,,,09-Nov-2018
16.76,,,12-Nov-2018
16.8,,,13-Nov-2018
16.77,,,14-Nov-2018
16.74,,,15-Nov-2018
16.81,,,16-Nov-2018
16.87,,,19-Nov-2018
16.64,,,20-Nov-2018
16.56,,,21-Nov-2018
16.44,,,22-Nov-2018
16.52,,,26-Nov-2018
16.65,,,27-Nov-2018
16.61,,,28-Nov-2018
16.66,,,29-Nov-2018
16.61,,,30-Nov-2018
16.67,,,03-Dec-2018
16.71,,,04-Dec-2018
16.46,,,05-Dec-2018
16.29,,,06-Dec-2018
16.27,,,07-Dec-2018
16.04,,,10-Dec-2018
16.15,,,11-Dec-2018
16.58,,,12-Dec-2018
16.66,,,13-Dec-2018
16.7,,,14-Dec-2018
16.81,,,17-Dec-2018
16.81,,,18-Dec-2018
16.97,,,19-Dec-2018
16.96,,,20-Dec-2018
16.79,,,21-Dec-2018
16.7,,,24-Dec-2018
16.68,,,26-Dec-2018
16.8,,,27-Dec-2018
16.93,,,28-Dec-2018
16.96,,,31-Dec-2018
17.01,,,01-Jan-2019
16.95,,,02-Jan-2019
16.79,,,03-Jan-2019
16.8,,,04-Jan-2019
16.79,,,07-Jan-2019
16.8,,,08-Jan-2019
16.76,,,09-Jan-2019
16.72,,,10-Jan-2019
16.74,,,11-Jan-2019
16.65,,,14-Jan-2019
16.82,,,15-Jan-2019
16.96,,,16-Jan-2019
16.9,,,17-Jan-2019
16.84,,,18-Jan-2019
16.67,,,21-Jan-2019
16.58,,,22-Jan-2019
16.45,,,23-Jan-2019
16.44,,,24-Jan-2019
16.41,,,25-Jan-2019
16.25,,,28-Jan-2019
16.28,,,29-Jan-2019
16.28,,,30-Jan-2019
16.35,,,31-Jan-2019
16.43,,,01-Feb-2019
16.25,,,04-Feb-2019
16.2,,,05-Feb-2019
16.28,,,06-Feb-2019
16.32,,,07-Feb-2019
16.11,,,08-Feb-2019
16.02,,,11-Feb-2019
15.89,,,12-Feb-2019
15.81,,,13-Feb-2019
15.64,,,14-Feb-2019
15.7,,,15-Feb-2019
15.61,,,18-Feb-2019
15.56,,,19-Feb-2019
15.72,,,20-Feb-2019
15.72,,,21-Feb-2019
15.84,,,22-Feb-2019
15.93,,,25-Feb-2019
15.86,,,26-Feb-2019
15.82,,,27-Feb-2019
15.93,,,28-Feb-2019
16.18,,,01-Mar-2019
16.52,,,05-Mar-2019
16.71,,,06-Mar-2019
16.66,,,07-Mar-2019
16.65,,,08-Mar-2019
16.86,,,11-Mar-2019
16.95,,,12-Mar-2019
16.9,,,13-Mar-2019
16.92,,,14-Mar-2019
17.04,,,15-Mar-2019
17.1,,,18-Mar-2019
17.33,,,19-Mar-2019
17.17,,,20-Mar-2019
17.24,,,22-Mar-2019
17.16,,,25-Mar-2019
17.3,,,26-Mar-2019
17.27,,,27-Mar-2019
17.41,,,28-Mar-2019
17.52,,,29-Mar-2019
17.59,,,01-Apr-2019
17.55,,,02-Apr-2019
17.41,,,03-Apr-2019
17.33,,,04-Apr-2019
17.43,,,05-Apr-2019
17.48,,,08-Apr-2019
17.58,,,09-Apr-2019
17.54,,,10-Apr-2019
17.59,,,11-Apr-2019
17.72,,,12-Apr-2019
17.71,,,15-Apr-2019
17.74,,,16-Apr-2019
17.59,,,18-Apr-2019
17.41,,,22-Apr-2019
17.43,,,23-Apr-2019
17.53,,,24-Apr-2019
17.44,,,25-Apr-2019
17.53,,,26-Apr-2019
17.49,,,30-Apr-2019
17.34,,,02-May-2019
17.32,,,03-May-2019
17.26,,,06-May-2019
17.24,,,07-May-2019
17.07,,,08-May-2019
17.04,,,09-May-2019
16.95,,,10-May-2019
16.72,,,13-May-2019
16.81,,,14-May-2019
16.75,,,15-May-2019
16.92,,,16-May-2019
17.01,,,17-May-2019
17.39,,,20-May-2019
17.26,,,21-May-2019
17.27,,,22-May-2019
17.06,,,23-May-2019
17.37,,,24-May-2019
17.7,,,27-May-2019
17.74,,,28-May-2019
17.59,,,29-May-2019
17.67,,,30-May-2019
17.62,,,31-May-2019
17.64,,,03-Jun-2019
17.63,,,04-Jun-2019
17.47,,,06-Jun-2019
17.43,,,07-Jun-2019
17.36,,,10-Jun-2019
17.4,,,11-Jun-2019
17.3,,,12-Jun-2019
17.24,,,13-Jun-2019
17.16,,,14-Jun-2019
16.97,,,17-Jun-2019
17.02,,,18-Jun-2019
16.96,,,19-Jun-2019
17.06,,,20-Jun-2019
17.06,,,21-Jun-2019
17.07,,,24-Jun-2019
17.2,,,25-Jun-2019
17.25,,,26-Jun-2019
17.26,,,27-Jun-2019
17.24,,,28-Jun-2019
17.19,,,01-Jul-2019
17.19,,,02-Jul-2019
17.16,,,03-Jul-2019
17.2,,,04-Jul-2019
16.93,,,05-Jul-2019
16.64,,,08-Jul-2019
16.71,,,09-Jul-2019
16.63,,,10-Jul-2019
16.68,,,11-Jul-2019
16.65,,,12-Jul-2019
16.67,,,15-Jul-2019
16.77,,,16-Jul-2019
16.82,,,17-Jul-2019
16.67,,,18-Jul-2019
16.55,,,19-Jul-2019
16.5,,,22-Jul-2019
16.58,,,23-Jul-2019
16.48,,,24-Jul-2019
16.42,,,25-Jul-2019
16.39,,,26-Jul-2019
16.26,,,29-Jul-2019
16.09,,,30-Jul-2019
16.19,,,31-Jul-2019
16.05,,,01-Aug-2019
15.89,,,02-Aug-2019
15.76,,,05-Aug-2019
15.87,,,06-Aug-2019
15.77,,,07-Aug-2019
15.92,,,08-Aug-2019
15.93,,,09-Aug-2019
15.61,,,13-Aug-2019
15.68,,,14-Aug-2019
15.64,,,16-Aug-2019
15.68,,,19-Aug-2019
15.66,,,20-Aug-2019
15.52,,,21-Aug-2019
15.32,,,22-Aug-2019
15.5,,,23-Aug-2019
15.72,,,26-Aug-2019
15.81,,,27-Aug-2019
15.79,,,28-Aug-2019
15.79,,,29-Aug-2019
15.88,,,30-Aug-2019
15.68,,,03-Sep-2019
15.77,,,04-Sep-2019
15.92,,,05-Sep-2019
16.13,,,06-Sep-2019
16.14,,,09-Sep-2019
16.17,,,11-Sep-2019
16.02,,,12-Sep-2019
16.18,,,13-Sep-2019
16.1,,,16-Sep-2019
15.84,,,17-Sep-2019
15.91,,,18-Sep-2019
15.74,,,19-Sep-2019
16.11,,,20-Sep-2019
16.5,,,23-Sep-2019
16.4,,,24-Sep-2019
16.23,,,25-Sep-2019
16.33,,,26-Sep-2019
16.36,,,27-Sep-2019
16.38,,,30-Sep-2019
16.22,,,01-Oct-2019
16.3,,,03-Oct-2019
16.2,,,04-Oct-2019
16.08,,,07-Oct-2019
16.07,,,09-Oct-2019
15.94,,,10-Oct-2019
15.96,,,11-Oct-2019
15.97,,,14-Oct-2019
15.98,,,15-Oct-2019
16.09,,,16-Oct-2019
16.17,,,17-Oct-2019
16.31,,,18-Oct-2019
16.19,,,22-Oct-2019
16.21,,,23-Oct-2019
16.04,,,24-Oct-2019
16.05,,,25-Oct-2019
16.27,,,29-Oct-2019
16.49,,,30-Oct-2019
16.72,,,31-Oct-2019
16.73,,,01-Nov-2019
16.78,,,04-Nov-2019
16.72,,,05-Nov-2019
16.74,,,06-Nov-2019
16.75,,,07-Nov-2019
16.49,,,08-Nov-2019
16.51,,,11-Nov-2019
16.29,,,13-Nov-2019
16.31,,,14-Nov-2019
16.27,,,15-Nov-2019
16.31,,,18-Nov-2019
16.38,,,19-Nov-2019
16.45,,,20-Nov-2019
16.29,,,21-Nov-2019
16.29,,,22-Nov-2019
16.45,,,25-Nov-2019
16.35,,,26-Nov-2019
16.39,,,27-Nov-2019
16.49,,,28-Nov-2019
16.52,,,29-Nov-2019
16.36,,,02-Dec-2019
16.25,,,03-Dec-2019
16.5,,,04-Dec-2019
16.47,,,05-Dec-2019
16.23,,,06-Dec-2019
16.22,,,09-Dec-2019
15.98,,,10-Dec-2019
15.99,,,11-Dec-2019
16.22,,,12-Dec-2019
16.32,,,13-Dec-2019
16.31,,,16-Dec-2019
16.45,,,17-Dec-2019
16.45,,,18-Dec-2019
16.49,,,19-Dec-2019
16.48,,,20-Dec-2019
16.48,,,23-Dec-2019
16.48,,,24-Dec-2019
16.39,,,26-Dec-2019
16.54,,,27-Dec-2019
16.58,,,30-Dec-2019
16.59,,,31-Dec-2019
16.61,,,01-Jan-2020
16.85,,,02-Jan-2020
16.86,,,03-Jan-2020
16.55,,,06-Jan-2020
16.58,,,07-Jan-2020
16.49,,,08-Jan-2020
16.68,,,09-Jan-2020
16.79,,,10-Jan-2020
16.94,,,13-Jan-2020
17.11,,,14-Jan-2020
17.24,,,15-Jan-2020
17.18,,,16-Jan-2020
17.12,,,17-Jan-2020
16.98,,,20-Jan-2020
16.97,,,21-Jan-2020
16.83,,,22-Jan-2020
16.96,,,23-Jan-2020
17,,,24-Jan-2020
16.9,,,27-Jan-2020
16.83,,,28-Jan-2020
16.95,,,29-Jan-2020
16.75,,,30-Jan-2020
16.59,,,31-Jan-2020
16.08,,,03-Feb-2020
16.37,,,04-Feb-2020
16.51,,,05-Feb-2020
16.64,,,06-Feb-2020
16.73,,,07-Feb-2020
16.47,,,10-Feb-2020
16.46,,,11-Feb-2020
16.36,,,12-Feb-2020
16.33,,,13-Feb-2020
16.2,,,14-Feb-2020
16,,,17-Feb-2020
15.92,,,18-Feb-2020
16.09,,,19-Feb-2020
16.07,,,20-Feb-2020
15.84,,,24-Feb-2020
15.74,,,25-Feb-2020
15.6,,,26-Feb-2020
15.46,,,27-Feb-2020
14.98,,,28-Feb-2020
14.8,,,02-Mar-2020
15.06,,,03-Mar-2020
14.96,,,04-Mar-2020
14.99,,,05-Mar-2020
14.62,,,06-Mar-2020
14.11,,,09-Mar-2020
13.99,,,11-Mar-2020
12.75,,,12-Mar-2020
13.07,,,13-Mar-2020
12.33,,,16-Mar-2020
12.19,,,17-Mar-2020
11.75,,,18-Mar-2020
11.52,,,19-Mar-2020
12,,,20-Mar-2020
10.76,,,23-Mar-2020
10.9,,,24-Mar-2020
11.05,,,25-Mar-2020
11.43,,,26-Mar-2020
11.57,,,27-Mar-2020
11.4,,,30-Mar-2020
11.99,,,31-Mar-2020
11.6,,,01-Apr-2020
11.6,,,01-Apr-2020
11.53,,,03-Apr-2020
11.53,,,03-Apr-2020
11.97,,,07-Apr-2020
11.97,,,07-Apr-2020
12.07,,,08-Apr-2020
12.07,,,08-Apr-2020
12.29,,,09-Apr-2020
12.29,,,09-Apr-2020
12.29,,,13-Apr-2020
12.29,,,13-Apr-2020
12.44,,,15-Apr-2020
12.44,,,15-Apr-2020
12.53,,,16-Apr-2020
12.53,,,16-Apr-2020
12.74,,,17-Apr-2020
12.74,,,17-Apr-2020
12.88,,,20-Apr-2020
12.88,,,20-Apr-2020
12.57,,,21-Apr-2020
12.57,,,21-Apr-2020
12.63,,,22-Apr-2020
12.63,,,22-Apr-2020
12.75,,,23-Apr-2020
12.75,,,23-Apr-2020
12.5,,,24-Apr-2020
12.5,,,24-Apr-2020
12.55,,,27-Apr-2020
12.55,,,27-Apr-2020
12.54,,,28-Apr-2020
12.54,,,28-Apr-2020
12.68,,,29-Apr-2020
12.68,,,29-Apr-2020
12.99,,,30-Apr-2020
12.99,,,30-Apr-2020
12.5,,,04-May-2020
12.5,,,04-May-2020
12.46,,,05-May-2020
12.46,,,05-May-2020
12.41,,,06-May-2020
12.41,,,06-May-2020
12.32,,,07-May-2020
12.32,,,07-May-2020
12.32,,,08-May-2020
12.32,,,08-May-2020
12.31,,,11-May-2020
12.31,,,11-May-2020
12.37,,,12-May-2020
12.37,,,12-May-2020
12.53,,,13-May-2020
12.53,,,13-May-2020
12.3,,,14-May-2020
12.3,,,14-May-2020
12.34,,,15-May-2020
12.34,,,15-May-2020
12.09,,,18-May-2020
12.09,,,18-May-2020
12.25,,,19-May-2020
12.25,,,19-May-2020
12.45,,,20-May-2020
12.45,,,20-May-2020
12.59,,,21-May-2020
12.59,,,21-May-2020
12.68,,,22-May-2020
12.68,,,22-May-2020
12.69,,,26-May-2020
12.69,,,26-May-2020
12.84,,,27-May-2020
12.84,,,27-May-2020
12.92,,,28-May-2020
12.92,,,28-May-2020
13.1,,,29-May-2020
13.1,,,29-May-2020
13.32,,,01-Jun-2020
13.32,,,01-Jun-2020
13.42,,,02-Jun-2020
13.42,,,02-Jun-2020
13.46,,,03-Jun-2020
13.46,,,03-Jun-2020
13.55,,,04-Jun-2020
13.55,,,04-Jun-2020
13.73,,,05-Jun-2020
13.73,,,05-Jun-2020
13.95,,,08-Jun-2020
13.95,,,08-Jun-2020
13.85,,,09-Jun-2020
13.85,,,09-Jun-2020
13.94,,,10-Jun-2020
13.94,,,10-Jun-2020
13.8,,,11-Jun-2020
13.8,,,11-Jun-2020
13.82,,,12-Jun-2020
13.82,,,12-Jun-2020
13.69,,,15-Jun-2020
13.69,,,15-Jun-2020
13.67,,,16-Jun-2020
13.67,,,16-Jun-2020
13.63,,,17-Jun-2020
13.63,,,17-Jun-2020
13.82,,,18-Jun-2020
13.82,,,18-Jun-2020
13.86,,,19-Jun-2020
13.86,,,19-Jun-2020
14.02,,,22-Jun-2020
14.02,,,22-Jun-2020
14.34,,,23-Jun-2020
14.34,,,23-Jun-2020
14.17,,,24-Jun-2020
14.17,,,24-Jun-2020
14.2,,,25-Jun-2020
14.2,,,25-Jun-2020
14.41,,,26-Jun-2020
14.17,,,29-Jun-2020
14.15,,,30-Jun-2020
14.24,,,01-Jul-2020
14.47,,,02-Jul-2020
14.55,,,03-Jul-2020
14.71,,,06-Jul-2020
14.74,,,07-Jul-2020
14.68,,,08-Jul-2020
14.77,,,09-Jul-2020
14.67,,,10-Jul-2020
14.8,,,13-Jul-2020
14.62,,,14-Jul-2020
14.71,,,15-Jul-2020
14.86,,,16-Jul-2020
15.14,,,17-Jul-2020
15.22,,,20-Jul-2020
15.28,,,21-Jul-2020
15.24,,,22-Jul-2020
15.31,,,23-Jul-2020
15.23,,,24-Jul-2020
15.19,,,27-Jul-2020
15.28,,,28-Jul-2020
15.25,,,29-Jul-2020
15.09,,,30-Jul-2020
15.16,,,31-Jul-2020
15.15,,,03-Aug-2020
15.17,,,04-Aug-2020
15.2,,,05-Aug-2020
15.35,,,06-Aug-2020
15.33,,,07-Aug-2020
15.53,,,10-Aug-2020
15.6,,,11-Aug-2020
15.59,,,12-Aug-2020
15.68,,,13-Aug-2020
15.53,,,14-Aug-2020
15.77,,,17-Aug-2020
15.84,,,18-Aug-2020
15.91,,,19-Aug-2020
16.08,,,20-Aug-2020
16.26,,,21-Aug-2020
16.35,,,24-Aug-2020
16.25,,,25-Aug-2020
16.31,,,26-Aug-2020
16.28,,,27-Aug-2020
16.21,,,28-Aug-2020
15.7,,,31-Aug-2020
15.75,,,01-Sep-2020
15.92,,,02-Sep-2020
15.97,,,03-Sep-2020
15.69,,,04-Sep-2020
15.6,,,07-Sep-2020
15.48,,,08-Sep-2020
15.39,,,09-Sep-2020
15.51,,,10-Sep-2020
15.55,,,11-Sep-2020
15.79,,,14-Sep-2020
15.93,,,15-Sep-2020
15.98,,,16-Sep-2020
15.92,,,17-Sep-2020
16.04,,,18-Sep-2020
15.63,,,21-Sep-2020
15.43,,,22-Sep-2020
15.45,,,23-Sep-2020
15,,,24-Sep-2020
15.42,,,25-Sep-2020
15.65,,,28-Sep-2020
15.57,,,29-Sep-2020
15.5,,,30-Sep-2020
15.58,,,01-Oct-2020
15.73,,,05-Oct-2020
15.81,,,06-Oct-2020
15.64,,,07-Oct-2020
15.57,,,08-Oct-2020
15.65,,,09-Oct-2020
15.41,,,12-Oct-2020
15.44,,,13-Oct-2020
15.27,,,14-Oct-2020
15.04,,,15-Oct-2020
15.35,,,16-Oct-2020
15.53,,,19-Oct-2020
15.48,,,20-Oct-2020
15.51,,,21-Oct-2020
15.59,,,22-Oct-2020
15.64,,,23-Oct-2020
15.48,,,26-Oct-2020
15.51,,,27-Oct-2020
15.45,,,28-Oct-2020
15.38,,,29-Oct-2020
15.44,,,30-Oct-2020
15.47,,,02-Nov-2020
15.45,,,03-Nov-2020
15.45,,,04-Nov-2020
15.8,,,05-Nov-2020
15.84,,,06-Nov-2020
16.07,,,09-Nov-2020
16.1,,,10-Nov-2020
16.28,,,11-Nov-2020
16.32,,,12-Nov-2020
16.41,,,13-Nov-2020
16.57,,,17-Nov-2020
16.62,,,18-Nov-2020
16.63,,,19-Nov-2020
16.8,,,20-Nov-2020
17.04,,,23-Nov-2020
17.27,,,24-Nov-2020
17.07,,,25-Nov-2020
17.21,,,26-Nov-2020
17.44,,,27-Nov-2020
17.66,,,01-Dec-2020
17.72,,,02-Dec-2020
17.96,,,03-Dec-2020
18.14,,,04-Dec-2020
18.36,,,07-Dec-2020
18.35,,,08-Dec-2020
18.53,,,09-Dec-2020
18.47,,,10-Dec-2020
18.6,,,11-Dec-2020
18.68,,,14-Dec-2020
18.65,,,15-Dec-2020
18.81,,,16-Dec-2020
18.74,,,17-Dec-2020
18.79,,,18-Dec-2020
17.86,,,21-Dec-2020
18.16,,,22-Dec-2020
18.5,,,23-Dec-2020
18.74,,,24-Dec-2020
19.02,,,28-Dec-2020
19.11,,,29-Dec-2020
19.11,,,30-Dec-2020
19.09,,,31-Dec-2020
19.18,,,01-Jan-2021
19.51,,,04-Jan-2021
19.57,,,05-Jan-2021
19.57,,,06-Jan-2021
19.58,,,07-Jan-2021
19.83,,,08-Jan-2021
19.91,,,11-Jan-2021
20.05,,,12-Jan-2021
20.14,,,13-Jan-2021
20.15,,,14-Jan-2021
19.83,,,15-Jan-2021
19.47,,,18-Jan-2021
19.76,,,19-Jan-2021
19.89,,,20-Jan-2021
19.72,,,21-Jan-2021
19.51,,,22-Jan-2021
19.38,,,25-Jan-2021
19.09,,,27-Jan-2021
19,,,28-Jan-2021
18.68,,,29-Jan-2021
19.12,,,01-Feb-2021
19.59,,,02-Feb-2021
19.82,,,03-Feb-2021
20.12,,,04-Feb-2021
20.04,,,05-Feb-2021
20.4,,,08-Feb-2021
20.3,,,09-Feb-2021
20.32,,,10-Feb-2021
20.33,,,11-Feb-2021
20.18,,,12-Feb-2021
20.23,,,15-Feb-2021
20.32,,,16-Feb-2021
20.45,,,17-Feb-2021
20.73,,,18-Feb-2021
20.67,,,19-Feb-2021
20.45,,,22-Feb-2021
20.66,,,23-Feb-2021
20.79,,,24-Feb-2021
21.18,,,25-Feb-2021
20.78,,,26-Feb-2021
20.98,,,01-Mar-2021
21.51,,,02-Mar-2021
21.79,,,03-Mar-2021
21.84,,,04-Mar-2021
21.54,,,05-Mar-2021
21.75,,,08-Mar-2021
21.55,,,09-Mar-2021
21.67,,,10-Mar-2021
21.62,,,12-Mar-2021
21.57,,,15-Mar-2021
21.75,,,16-Mar-2021
21.32,,,17-Mar-2021
20.96,,,18-Mar-2021
21.18,,,19-Mar-2021
21.41,,,22-Mar-2021
21.36,,,23-Mar-2021
20.92,,,24-Mar-2021
20.51,,,25-Mar-2021
20.75,,,26-Mar-2021
21.1,,,30-Mar-2021
21.03,,,31-Mar-2021
21.38,,,01-Apr-2021
21.17,,,05-Apr-2021
21.33,,,06-Apr-2021
21.54,,,07-Apr-2021
21.58,,,08-Apr-2021
21.51,,,09-Apr-2021
20.51,,,12-Apr-2021
20.79,,,13-Apr-2021
20.77,,,15-Apr-2021
20.99,,,16-Apr-2021
20.63,,,19-Apr-2021
20.58,,,20-Apr-2021
20.58,,,22-Apr-2021
20.59,,,23-Apr-2021
20.7,,,26-Apr-2021
20.94,,,27-Apr-2021
21.1,,,28-Apr-2021
21.1,,,29-Apr-2021
21.05,,,30-Apr-2021
21.34,,,03-May-2021
21.37,,,04-May-2021
21.62,,,05-May-2021
21.76,,,06-May-2021
21.96,,,07-May-2021
22.23,,,10-May-2021
22.37,,,11-May-2021
22.25,,,12-May-2021
21.97,,,14-May-2021
22.21,,,17-May-2021
22.45,,,18-May-2021
22.56,,,19-May-2021
22.41,,,20-May-2021
22.63,,,21-May-2021
22.78,,,24-May-2021
22.85,,,25-May-2021
22.91,,,26-May-2021
23.02,,,27-May-2021
22.98,,,28-May-2021
23.08,,,31-May-2021
22.96,,,01-Jun-2021
23.07,,,02-Jun-2021
23.19,,,03-Jun-2021
23.22,,,04-Jun-2021
23.48,,,07-Jun-2021
23.71,,,08-Jun-2021
23.71,,,09-Jun-2021
24,,,10-Jun-2021
24.05,,,11-Jun-2021
24.01,,,14-Jun-2021
24.04,,,15-Jun-2021
23.98,,,16-Jun-2021
23.83,,,17-Jun-2021
23.62,,,18-Jun-2021
23.76,,,21-Jun-2021
23.73,,,22-Jun-2021
23.61,,,23-Jun-2021
23.7,,,24-Jun-2021
23.88,,,25-Jun-2021
24.01,,,28-Jun-2021
23.97,,,29-Jun-2021
23.93,,,30-Jun-2021
24,,,01-Jul-2021
24.11,,,02-Jul-2021
24.22,,,05-Jul-2021
24.07,,,06-Jul-2021
24.1,,,07-Jul-2021
24.02,,,08-Jul-2021
24.04,,,09-Jul-2021
24.07,,,12-Jul-2021
24.23,,,13-Jul-2021
24.37,,,14-Jul-2021
24.47,,,15-Jul-2021
24.49,,,16-Jul-2021
24.55,,,19-Jul-2021
24.14,,,20-Jul-2021
24.56,,,22-Jul-2021
24.7,,,23-Jul-2021
24.73,,,26-Jul-2021
24.73,,,27-Jul-2021
24.64,,,28-Jul-2021
24.86,,,29-Jul-2021
25.09,,,30-Jul-2021
25.32,,,02-Aug-2021
25.51,,,03-Aug-2021
25.46,,,04-Aug-2021
25.49,,,05-Aug-2021
25.55,,,06-Aug-2021
25.5,,,09-Aug-2021
25.39,,,10-Aug-2021
25.43,,,11-Aug-2021
25.8,,,12-Aug-2021
25.9,,,13-Aug-2021
25.85,,,16-Aug-2021
25.82,,,17-Aug-2021
25.72,,,18-Aug-2021
25.28,,,20-Aug-2021
25.2,,,23-Aug-2021
25.5,,,24-Aug-2021
25.59,,,25-Aug-2021
25.51,,,26-Aug-2021
25.66,,,27-Aug-2021
25.98,,,30-Aug-2021
26.2,,,31-Aug-2021
26.11,,,01-Sep-2021
26.22,,,02-Sep-2021
26.34,,,03-Sep-2021
26.36,,,06-Sep-2021
26.22,,,07-Sep-2021
26.29,,,08-Sep-2021
26.31,,,09-Sep-2021
26.41,,,13-Sep-2021
26.56,,,14-Sep-2021
26.91,,,15-Sep-2021
27.04,,,16-Sep-2021
26.89,,,17-Sep-2021
26.54,,,20-Sep-2021
26.72,,,21-Sep-2021
26.96,,,22-Sep-2021
27.33,,,23-Sep-2021
27.3,,,24-Sep-2021
27.29,,,27-Sep-2021
27.32,,,28-Sep-2021
27.69,,,29-Sep-2021
27.7,,,30-Sep-2021
27.7,,,01-Oct-2021
28.08,,,04-Oct-2021
28.37,,,05-Oct-2021
28.03,,,06-Oct-2021
28.22,,,07-Oct-2021
28.26,,,08-Oct-2021
28.49,,,11-Oct-2021
28.5,,,12-Oct-2021
28.83,,,13-Oct-2021
29.01,,,14-Oct-2021
29.39,,,18-Oct-2021
29.26,,,19-Oct-2021
29,,,20-Oct-2021
28.86,,,21-Oct-2021
28.52,,,22-Oct-2021
28.46,,,25-Oct-2021
28.66,,,26-Oct-2021
28.61,,,27-Oct-2021
28.11,,,28-Oct-2021
27.94,,,29-Oct-2021
28.37,,,01-Nov-2021
28.4,,,02-Nov-2021
28.37,,,03-Nov-2021
28.74,,,08-Nov-2021
28.78,,,09-Nov-2021
28.78,,,10-Nov-2021
28.49,,,11-Nov-2021
28.83,,,12-Nov-2021
28.69,,,15-Nov-2021
28.62,,,16-Nov-2021
28.6,,,17-Nov-2021
28.12,,,18-Nov-2021
27.61,,,22-Nov-2021
28.03,,,23-Nov-2021
28.01,,,24-Nov-2021
28.06,,,25-Nov-2021
27.35,,,26-Nov-2021
27.19,,,29-Nov-2021
27.28,,,30-Nov-2021
27.45,,,01-Dec-2021
27.75,,,02-Dec-2021
27.56,,,03-Dec-2021
27.12,,,06-Dec-2021
27.46,,,07-Dec-2021
27.93,,,08-Dec-2021
28.04,,,09-Dec-2021
28.01,,,10-Dec-2021
28.01,,,13-Dec-2021
27.97,,,14-Dec-2021
27.89,,,15-Dec-2021
27.86,,,16-Dec-2021
27.59,,,17-Dec-2021
26.91,,,20-Dec-2021
27.19,,,21-Dec-2021
27.5,,,22-Dec-2021
27.72,,,23-Dec-2021
27.63,,,24-Dec-2021
27.73,,,27-Dec-2021
28.17,,,28-Dec-2021
28.15,,,29-Dec-2021
28.24,,,30-Dec-2021
28.38,,,31-Dec-2021
28.62,,,03-Jan-2022
28.81,,,04-Jan-2022
28.82,,,05-Jan-2022
28.63,,,06-Jan-2022
28.77,,,07-Jan-2022
29.11,,,10-Jan-2022
29.18,,,11-Jan-2022
29.52,,,12-Jan-2022
29.79,,,13-Jan-2022
29.75,,,14-Jan-2022
29.84,,,17-Jan-2022
29.48,,,18-Jan-2022
29.42,,,19-Jan-2022
29.21,,,20-Jan-2022
28.8,,,21-Jan-2022
28.17,,,24-Jan-2022
28.52,,,25-Jan-2022
28.48,,,27-Jan-2022
28.58,,,28-Jan-2022
28.98,,,31-Jan-2022
29.32,,,01-Feb-2022
29.59,,,02-Feb-2022
29.33,,,03-Feb-2022
29.24,,,04-Feb-2022
28.98,,,07-Feb-2022
28.98,,,08-Feb-2022
29.2,,,09-Feb-2022
29.42,,,10-Feb-2022
29.08,,,11-Feb-2022
28.27,,,14-Feb-2022
28.91,,,15-Feb-2022
28.83,,,16-Feb-2022
28.73,,,17-Feb-2022
28.72,,,18-Feb-2022
28.5,,,21-Feb-2022
28.23,,,22-Feb-2022
28.19,,,23-Feb-2022
27.1,,,24-Feb-2022
27.76,,,25-Feb-2022
27.99,,,28-Feb-2022
27.96,,,02-Mar-2022
27.93,,,03-Mar-2022
27.6,,,04-Mar-2022
27.32,,,07-Mar-2022
27.58,,,08-Mar-2022
27.89,,,09-Mar-2022
28.18,,,10-Mar-2022
28.27,,,11-Mar-2022
28.56,,,14-Mar-2022
28.22,,,15-Mar-2022
28.66,,,16-Mar-2022
28.99,,,17-Mar-2022
28.85,,,21-Mar-2022
29.14,,,22-Mar-2022
28.98,,,23-Mar-2022
29.06,,,24-Mar-2022
28.93,,,25-Mar-2022
29.01,,,28-Mar-2022
29.12,,,29-Mar-2022
29.17,,,30-Mar-2022
29.21,,,31-Mar-2022
29.53,,,01-Apr-2022
30.01,,,04-Apr-2022
30.11,,,05-Apr-2022
30.01,,,06-Apr-2022
29.94,,,07-Apr-2022
30.12,,,08-Apr-2022
29.94,,,11-Apr-2022
29.65,,,12-Apr-2022
29.71,,,13-Apr-2022
29.42,,,18-Apr-2022
29.06,,,19-Apr-2022
29.11,,,20-Apr-2022
29.46,,,21-Apr-2022
29.17,,,22-Apr-2022
28.73,,,25-Apr-2022
28.98,,,26-Apr-2022
28.7,,,27-Apr-2022
28.99,,,28-Apr-2022
28.67,,,29-Apr-2022
28.53,,,02-May-2022
28.12,,,04-May-2022
28.24,,,05-May-2022
27.95,,,06-May-2022
27.92,,,09-May-2022
27.54,,,10-May-2022
27.41,,,11-May-2022
26.99,,,12-May-2022
26.85,,,13-May-2022
26.99,,,16-May-2022
27.71,,,17-May-2022
27.71,,,18-May-2022
26.99,,,19-May-2022
27.55,,,20-May-2022
27.49,,,23-May-2022
27.13,,,24-May-2022
26.91,,,25-May-2022
27.18,,,26-May-2022
27.4,,,27-May-2022
27.89,,,30-May-2022
28.04,,,31-May-2022
27.97,,,01-Jun-2022
28.23,,,02-Jun-2022
28.1,,,03-Jun-2022
28.11,,,06-Jun-2022
27.99,,,07-Jun-2022
27.94,,,08-Jun-2022
28.08,,,09-Jun-2022
27.78,,,10-Jun-2022
27.03,,,13-Jun-2022
27.03,,,14-Jun-2022
26.94,,,15-Jun-2022
26.31,,,16-Jun-2022
26.13,,,17-Jun-2022
25.91,,,20-Jun-2022
26.42,,,21-Jun-2022
26.04,,,22-Jun-2022
26.3,,,23-Jun-2022
26.48,,,24-Jun-2022
26.88,,,27-Jun-2022
27.09,,,28-Jun-2022
27.05,,,29-Jun-2022
26.99,,,30-Jun-2022
26.86,,,01-Jul-2022
26.94,,,04-Jul-2022
26.9,,,05-Jul-2022
27,,,06-Jul-2022
27.32,,,07-Jul-2022
27.55,,,08-Jul-2022
27.44,,,11-Jul-2022
27.22,,,12-Jul-2022
27.13,,,13-Jul-2022
27.04,,,14-Jul-2022
27.13,,,15-Jul-2022
27.62,,,18-Jul-2022
27.76,,,19-Jul-2022
28.07,,,20-Jul-2022
28.3,,,21-Jul-2022
28.36,,,22-Jul-2022
28.31,,,25-Jul-2022
28.01,,,26-Jul-2022
28.24,,,27-Jul-2022
28.55,,,28-Jul-2022
29.07,,,29-Jul-2022
29.39,,,01-Aug-2022
29.32,,,02-Aug-2022
29.36,,,03-Aug-2022
29.42,,,04-Aug-2022
29.5,,,05-Aug-2022
29.69,,,08-Aug-2022
29.68,,,10-Aug-2022
29.82,,,11-Aug-2022
29.93,,,12-Aug-2022
30.08,,,16-Aug-2022
30.28,,,17-Aug-2022
30.22,,,18-Aug-2022
30.01,,,19-Aug-2022
29.64,,,22-Aug-2022
29.81,,,23-Aug-2022
29.9,,,24-Aug-2022
29.85,,,25-Aug-2022
29.97,,,26-Aug-2022
29.55,,,29-Aug-2022
30.15,,,30-Aug-2022
29.84,,,01-Sep-2022
29.86,,,02-Sep-2022
30.03,,,05-Sep-2022
30.03,,,06-Sep-2022
30.02,,,07-Sep-2022
30.28,,,08-Sep-2022
30.45,,,09-Sep-2022
30.61,,,12-Sep-2022
30.76,,,13-Sep-2022
30.62,,,14-Sep-2022
30.46,,,15-Sep-2022
29.92,,,16-Sep-2022
29.99,,,19-Sep-2022
30.3,,,20-Sep-2022
30.09,,,21-Sep-2022
29.98,,,22-Sep-2022
29.63,,,23-Sep-2022
29.16,,,26-Sep-2022
29.21,,,27-Sep-2022
29.15,,,28-Sep-2022
29.26,,,29-Sep-2022
29.54,,,30-Sep-2022
29.43,,,03-Oct-2022
29.85,,,04-Oct-2022
30,,,06-Oct-2022
30,,,07-Oct-2022
29.93,,,10-Oct-2022
29.54,,,11-Oct-2022
29.72,,,12-Oct-2022
29.66,,,13-Oct-2022
29.87,,,14-Oct-2022
30.01,,,17-Oct-2022
30.24,,,18-Oct-2022
30.16,,,19-Oct-2022
30.28,,,20-Oct-2022
30.37,,,21-Oct-2022
30.71,,,25-Oct-2022
30.93,,,27-Oct-2022
30.9,,,28-Oct-2022
31.23,,,31-Oct-2022
31.48,,,01-Nov-2022
31.41,,,02-Nov-2022
31.28,,,03-Nov-2022
31.26,,,04-Nov-2022
31.44,,,07-Nov-2022
31.31,,,09-Nov-2022
31.17,,,10-Nov-2022
31.55,,,11-Nov-2022
31.58,,,14-Nov-2022
31.72,,,15-Nov-2022
31.68,,,16-Nov-2022
31.58,,,17-Nov-2022
31.47,,,18-Nov-2022
31.37,,,21-Nov-2022
31.51,,,22-Nov-2022
31.59,,,23-Nov-2022
31.96,,,24-Nov-2022
32.03,,,25-Nov-2022
32.04,,,28-Nov-2022
32.08,,,29-Nov-2022
32.24,,,30-Nov-2022
32.38,,,01-Dec-2022
32.35,,,02-Dec-2022
32.43,,,05-Dec-2022
32.25,,,06-Dec-2022
32.1,,,07-Dec-2022
32.2,,,08-Dec-2022
31.85,,,09-Dec-2022
31.84,,,12-Dec-2022
32.05,,,13-Dec-2022
32.23,,,14-Dec-2022
31.94,,,15-Dec-2022
31.71,,,16-Dec-2022
31.9,,,19-Dec-2022
31.78,,,20-Dec-2022
31.57,,,21-Dec-2022
31.39,,,22-Dec-2022
30.81,,,23-Dec-2022
31.17,,,26-Dec-2022
31.4,,,27-Dec-2022
31.38,,,28-Dec-2022
31.52,,,29-Dec-2022
31.45,,,30-Dec-2022
31.65,,,02-Jan-2023
31.71,,,03-Jan-2023
31.44,,,04-Jan-2023
31.46,,,05-Jan-2023
31.21,,,06-Jan-2023
31.59,,,09-Jan-2023
31.42,,,10-Jan-2023
31.37,,,11-Jan-2023
31.43,,,12-Jan-2023
31.53,,,13-Jan-2023
31.52,,,16-Jan-2023
31.71,,,17-Jan-2023
31.91,,,18-Jan-2023
31.96,,,19-Jan-2023
31.86,,,20-Jan-2023
32.05,,,23-Jan-2023
32.01,,,24-Jan-2023
31.75,,,25-Jan-2023
31.4,,,27-Jan-2023
31.43,,,30-Jan-2023
31.57,,,31-Jan-2023
31.39,,,01-Feb-2023
31.44,,,02-Feb-2023
31.74,,,03-Feb-2023
31.62,,,06-Feb-2023
31.51,,,07-Feb-2023
31.7,,,08-Feb-2023
31.79,,,09-Feb-2023
31.79,,,10-Feb-2023
31.65,,,13-Feb-2023
31.74,,,14-Feb-2023
31.87,,,15-Feb-2023
32.06,,,16-Feb-2023
31.96,,,17-Feb-2023
31.93,,,20-Feb-2023
31.93,,,21-Feb-2023
31.61,,,22-Feb-2023
31.64,,,23-Feb-2023
31.59,,,24-Feb-2023
31.48,,,27-Feb-2023
31.35,,,28-Feb-2023
31.65,,,01-Mar-2023
31.5,,,02-Mar-2023
31.74,,,03-Mar-2023
31.98,,,06-Mar-2023
32.09,,,08-Mar-2023
31.94,,,09-Mar-2023
31.75,,,10-Mar-2023
31.39,,,13-Mar-2023
31.27,,,14-Mar-2023
31.23,,,15-Mar-2023
31.23,,,16-Mar-2023
31.37,,,17-Mar-2023
31.17,,,20-Mar-2023
31.29,,,21-Mar-2023
31.33,,,22-Mar-2023
31.31,,,23-Mar-2023
31.12,,,24-Mar-2023
31.05,,,27-Mar-2023
30.93,,,28-Mar-2023
31.24,,,29-Mar-2023
31.57,,,31-Mar-2023
31.81,,,03-Apr-2023
31.93,,,05-Apr-2023
31.97,,,06-Apr-2023
32.1,,,10-Apr-2023
32.2,,,11-Apr-2023
32.24,,,12-Apr-2023
32.17,,,13-Apr-2023
31.88,,,17-Apr-2023
31.96,,,18-Apr-2023
31.8,,,19-Apr-2023
31.88,,,20-Apr-2023
31.8,,,21-Apr-2023
31.96,,,24-Apr-2023
31.98,,,25-Apr-2023
32.12,,,26-Apr-2023
32.26,,,27-Apr-2023
32.49,,,28-Apr-2023
32.68,,,02-May-2023
32.59,,,03-May-2023
32.76,,,04-May-2023
32.56,,,05-May-2023
32.84,,,08-May-2023
32.81,,,09-May-2023
32.96,,,10-May-2023
32.97,,,11-May-2023
32.93,,,12-May-2023
33.14,,,15-May-2023
33.06,,,16-May-2023
32.94,,,17-May-2023
32.87,,,18-May-2023
32.96,,,19-May-2023
33.1,,,22-May-2023
33.11,,,23-May-2023
33.12,,,24-May-2023
33.17,,,25-May-2023
33.36,,,26-May-2023
33.45,,,29-May-2023
33.47,,,30-May-2023
33.48,,,31-May-2023
33.43,,,01-Jun-2023
33.6,,,02-Jun-2023
33.79,,,05-Jun-2023
33.79,,,06-Jun-2023
33.97,,,07-Jun-2023
33.92,,,08-Jun-2023
33.87,,,09-Jun-2023
34.05,,,12-Jun-2023
34.12,,,13-Jun-2023
34.16,,,14-Jun-2023
34.14,,,15-Jun-2023
34.29,,,16-Jun-2023
34.21,,,19-Jun-2023
34.3,,,20-Jun-2023
34.43,,,21-Jun-2023
34.28,,,22-Jun-2023
34.18,,,23-Jun-2023
34.26,,,26-Jun-2023
34.46,,,27-Jun-2023
34.65,,,28-Jun-2023
34.98,,,30-Jun-2023
35.07,,,03-Jul-2023
35.12,,,04-Jul-2023
35.26,,,05-Jul-2023
35.47,,,06-Jul-2023
35.24,,,07-Jul-2023
35.17,,,10-Jul-2023
35.39,,,11-Jul-2023
35.35,,,12-Jul-2023
35.28,,,13-Jul-2023
35.54,,,14-Jul-2023
35.65,,,17-Jul-2023
35.64,,,18-Jul-2023
35.83,,,19-Jul-2023
36.01,,,20-Jul-2023
35.93,,,21-Jul-2023
36.04,,,24-Jul-2023
36.14,,,25-Jul-2023
36.3,,,26-Jul-2023
36.31,,,27-Jul-2023
36.43,,,28-Jul-2023
36.84,,,31-Jul-2023
36.95,,,01-Aug-2023
36.51,,,02-Aug-2023
36.38,,,03-Aug-2023
36.47,,,04-Aug-2023
36.56,,,07-Aug-2023
36.52,,,08-Aug-2023
36.62,,,09-Aug-2023
36.55,,,10-Aug-2023
36.43,,,11-Aug-2023
36.39,,,14-Aug-2023
36.52,,,16-Aug-2023
36.46,,,17-Aug-2023
36.41,,,18-Aug-2023
36.64,,,21-Aug-2023
36.76,,,22-Aug-2023
36.87,,,23-Aug-2023
36.82,,,24-Aug-2023
36.62,,,25-Aug-2023
36.76,,,28-Aug-2023
36.89,,,29-Aug-2023
36.91,,,30-Aug-2023
36.85,,,31-Aug-2023
37.35,,,01-Sep-2023
37.68,,,04-Sep-2023
37.83,,,05-Sep-2023
37.85,,,06-Sep-2023
38.08,,,07-Sep-2023
38.37,,,08-Sep-2023
38.63,,,11-Sep-2023
38.16,,,12-Sep-2023
38.43,,,13-Sep-2023
38.61,,,14-Sep-2023
38.71,,,15-Sep-2023
